Loan_ID,Gender,Married,Dependents,Education,Self_Employed,ApplicantIncome,CoapplicantIncome,LoanAmount,Loan_Amount_Term,Credit_History,Property_Area,Loan_Status
LP000001,Male,No,0,Not Graduate,No,1429,1617.9716019967816,190.3,360.0,1.0,Urban,Y
LP000002,Male,Yes,2,Graduate,No,1796,4344.460949130175,138.5,360.0,1.0,Urban,Y
LP000003,Male,Yes,1,Graduate,No,4710,2664.143572983936,205.2,360.0,1.0,Urban,Y
LP000004,Male,Yes,3+,Graduate,Yes,1789,1412.7635383710367,317.8,360.0,1.0,Urban,N
LP000005,Male,Yes,0,Graduate,No,1826,2545.6856947010037,132.0,360.0,1.0,Rural,Y
LP000006,Male,No,1,Graduate,No,1247,745.4597510021724,132.0,360.0,1.0,Semiurban,Y
LP000007,Male,No,1,Graduate,No,7053,2149.7763378379223,326.9,360.0,1.0,Urban,Y
LP000008,Male,Yes,0,Graduate,No,4276,632.8832173714566,217.8,300.0,1.0,Rural,N
LP000009,Male,Yes,0,Not Graduate,No,738,907.7057497165011,117.4,360.0,1.0,Rural,N
LP000010,Female,Yes,0,Graduate,No,1827,2722.3419198535894,194.7,360.0,1.0,Rural,Y
LP000011,Female,Yes,2,Not Graduate,No,4523,0.0,117.7,360.0,1.0,Semiurban,Y
LP000012,Male,No,0,Graduate,No,7107,0.0,117.6,360.0,1.0,Urban,N
LP000013,Male,Yes,0,Graduate,No,5456,3242.645877852623,167.5,360.0,1.0,Urban,Y
LP000014,Male,Yes,1,Graduate,No,2661,499.20998270303403,57.0,360.0,1.0,Rural,Y
LP000015,Male,No,0,Graduate,No,1033,9690.962456661064,62.6,360.0,1.0,Urban,N
LP000016,Male,Yes,0,Graduate,No,5553,0.0,112.0,360.0,1.0,Rural,N
LP000017,Male,No,3+,Graduate,No,2756,1593.4485385091264,89.4,360.0,1.0,Rural,Y
LP000018,Male,Yes,3+,Graduate,No,3433,945.2577623670105,173.7,360.0,1.0,Urban,Y
LP000019,Male,No,0,Graduate,No,2961,5886.474272659146,94.3,360.0,1.0,Urban,Y
LP000020,Male,Yes,0,Graduate,No,1460,1421.3279701045024,73.2,180.0,1.0,Urban,Y
LP000021,Male,Yes,2,Not Graduate,No,4099,0.0,308.8,360.0,0.0,Rural,N
LP000022,Male,Yes,0,Graduate,No,3773,4239.085384465118,132.6,360.0,1.0,Rural,N
LP000023,Male,Yes,0,Not Graduate,No,2551,1623.8286033531995,153.5,360.0,1.0,Urban,N
LP000024,Male,No,0,Not Graduate,No,4370,1527.3080568371615,72.8,300.0,1.0,Urban,Y
LP000025,,No,0,Not Graduate,No,1444,741.9809106549719,113.0,360.0,1.0,Urban,Y
LP000026,Male,Yes,0,Graduate,Yes,2803,1162.8391455053907,156.9,,1.0,Urban,Y
LP000027,Male,Yes,0,Graduate,,3346,0.0,83.5,180.0,1.0,Semiurban,Y
LP000028,Male,Yes,1,Not Graduate,No,1163,759.7624112853163,179.1,360.0,,Urban,N
LP000029,Male,Yes,3+,Graduate,,3183,809.5227910937164,109.9,360.0,1.0,Semiurban,Y
LP000030,Female,Yes,0,Graduate,No,5116,1851.0733178540897,128.3,360.0,1.0,Semiurban,Y
LP000031,Male,No,1,Graduate,No,2746,0.0,109.9,360.0,1.0,Urban,Y
LP000032,Male,Yes,2,Graduate,No,3227,0.0,374.7,360.0,1.0,Rural,N
LP000033,Male,Yes,0,Graduate,No,4616,0.0,147.4,360.0,1.0,Semiurban,N
LP000034,Female,Yes,0,Graduate,No,2610,0.0,87.5,480.0,1.0,Semiurban,N
LP000035,Female,No,1,Not Graduate,No,2755,0.0,223.9,360.0,1.0,Rural,Y
LP000036,Male,No,1,Graduate,No,1626,1415.2166612392364,80.6,180.0,1.0,Semiurban,Y
LP000037,Male,No,2,Not Graduate,No,3265,0.0,164.8,360.0,1.0,Semiurban,Y
LP000038,Male,Yes,0,Graduate,No,2694,0.0,55.7,360.0,1.0,Urban,Y
LP000039,Male,Yes,,Graduate,No,4444,2574.4888981060994,76.4,180.0,1.0,Semiurban,Y
LP000040,Male,No,0,Graduate,No,4619,0.0,163.8,360.0,0.0,Rural,Y
LP000041,Male,No,0,Graduate,Yes,5296,0.0,214.7,360.0,1.0,Rural,Y
LP000042,Male,Yes,1,Not Graduate,Yes,2428,0.0,161.7,360.0,1.0,Semiurban,Y
LP000043,Male,No,0,Graduate,No,892,0.0,,360.0,1.0,Semiurban,Y
LP000044,Male,No,0,Graduate,No,5140,1736.614119986189,127.7,360.0,1.0,Urban,N
LP000045,Male,Yes,0,Graduate,No,4267,0.0,70.9,360.0,,Urban,Y
LP000046,Female,No,0,Graduate,No,2250,1049.7654087281278,103.6,360.0,1.0,Rural,Y
LP000047,Male,Yes,0,Graduate,No,4596,1668.039689927384,117.9,300.0,1.0,Rural,Y
LP000048,Male,Yes,3+,Graduate,Yes,1381,955.109962125074,251.8,360.0,1.0,Rural,Y
LP000049,Female,Yes,0,Graduate,No,6112,2824.307129179227,176.2,180.0,0.0,Semiurban,N
LP000050,Male,No,1,Not Graduate,No,2696,708.5745962352294,61.5,360.0,1.0,Semiurban,N
LP000051,Female,No,2,Graduate,No,2003,3803.334890821586,174.5,360.0,1.0,Rural,Y
LP000052,Male,No,3+,Graduate,No,2268,0.0,122.4,360.0,1.0,Urban,Y
LP000053,Male,Yes,0,Graduate,No,2867,1321.30649945928,105.8,360.0,0.0,Rural,Y
LP000054,Female,No,2,Not Graduate,No,3270,894.9000447926061,201.5,180.0,1.0,Rural,N
LP000055,Male,No,0,Graduate,No,3391,0.0,248.5,360.0,1.0,Rural,N
LP000056,Male,No,1,Graduate,No,2545,0.0,236.4,360.0,1.0,Rural,Y
LP000057,Female,No,1,Graduate,No,3715,798.6525605701624,97.6,360.0,1.0,Rural,Y
LP000058,Male,No,2,Not Graduate,No,3310,3774.504230182671,127.2,360.0,1.0,Urban,Y
LP000059,Male,Yes,0,Graduate,No,2233,0.0,175.1,480.0,0.0,Urban,Y
LP000060,Female,Yes,1,Graduate,Yes,2040,1692.331393615104,241.7,180.0,1.0,Rural,Y
LP000061,Male,Yes,0,Graduate,No,4745,0.0,116.8,360.0,0.0,Urban,Y
LP000062,Female,Yes,2,Graduate,No,4512,2019.4294943125842,135.3,360.0,1.0,Urban,Y
LP000063,Male,Yes,,Not Graduate,No,3409,0.0,85.4,360.0,1.0,Urban,Y
LP000064,Male,No,0,Graduate,No,5735,0.0,81.6,360.0,1.0,Rural,N
LP000065,Male,Yes,,Not Graduate,No,1015,1560.3135355567401,222.8,300.0,1.0,Urban,N
LP000066,Male,Yes,0,Not Graduate,No,2348,1647.1063529164696,292.4,360.0,1.0,Semiurban,Y
LP000067,Female,No,0,Not Graduate,No,1646,2792.980172162919,143.2,360.0,1.0,Rural,Y
LP000068,Female,Yes,0,Graduate,No,12756,4456.131043438099,245.1,360.0,1.0,Rural,Y
LP000069,Male,Yes,0,Not Graduate,Yes,5053,0.0,177.8,300.0,1.0,Rural,Y
LP000070,Male,Yes,1,Graduate,No,3141,1641.9425781876344,107.5,360.0,0.0,Urban,Y
LP000071,Male,Yes,0,Not Graduate,No,5276,0.0,177.8,360.0,1.0,Rural,Y
LP000072,Male,Yes,0,Graduate,Yes,6436,1956.019525403732,320.2,360.0,1.0,Semiurban,N
LP000073,Male,Yes,3+,Not Graduate,No,6395,0.0,145.8,360.0,1.0,Semiurban,Y
LP000074,Male,Yes,2,Graduate,No,5727,2787.513942136374,324.5,360.0,1.0,Semiurban,Y
LP000075,Male,No,2,Graduate,No,2814,1357.2570506087927,40.0,360.0,1.0,Semiurban,Y
LP000076,Male,Yes,2,Graduate,No,2438,1527.7530832561042,223.8,360.0,0.0,Urban,Y
LP000077,Male,No,1,Not Graduate,No,1849,650.5462468851,155.0,360.0,1.0,Urban,Y
LP000078,Male,Yes,0,Graduate,Yes,4453,0.0,127.8,360.0,1.0,Rural,N
LP000079,Male,Yes,0,Graduate,No,2994,6652.120321238265,155.4,360.0,1.0,Urban,N
LP000080,Male,No,1,Not Graduate,Yes,2562,1979.854699085746,54.9,360.0,1.0,Urban,Y
LP000081,Male,Yes,0,Graduate,No,2483,0.0,133.0,360.0,1.0,Semiurban,Y
LP000082,Male,Yes,1,Graduate,Yes,7864,954.6965351785782,177.4,360.0,1.0,Urban,N
LP000083,Male,Yes,0,Graduate,No,5834,0.0,310.7,360.0,1.0,Urban,Y
LP000084,Male,Yes,0,Graduate,No,9879,2941.2734921266338,114.5,180.0,1.0,Semiurban,N
LP000085,Male,Yes,0,Graduate,No,4525,1031.016990903576,99.1,360.0,1.0,Semiurban,Y
LP000086,Male,Yes,1,Graduate,No,3408,861.2167327773537,115.5,360.0,1.0,Urban,Y
LP000087,Male,Yes,1,Graduate,No,3244,0.0,234.6,360.0,1.0,Semiurban,Y
LP000088,Male,Yes,1,Graduate,No,1786,0.0,174.9,360.0,0.0,Semiurban,Y
LP000089,Female,No,0,Graduate,Yes,1545,2032.4045982666698,113.9,360.0,1.0,Rural,N
LP000090,Male,No,0,Graduate,No,4466,0.0,191.8,360.0,0.0,Urban,Y
LP000091,Male,,2,Graduate,No,1880,0.0,155.8,360.0,1.0,Urban,Y
LP000092,Male,Yes,1,Not Graduate,Yes,3740,1096.1180865786362,240.9,360.0,1.0,Rural,Y
LP000093,Male,No,0,Graduate,Yes,6433,844.999982189582,104.5,360.0,1.0,Urban,N
LP000094,Male,Yes,2,Graduate,No,2209,1808.1677437952676,126.0,360.0,1.0,Semiurban,Y
LP000095,Male,Yes,0,Not Graduate,Yes,11007,552.7139669492022,122.0,360.0,1.0,Semiurban,N
LP000096,Male,Yes,0,Not Graduate,No,1818,0.0,71.4,360.0,1.0,Semiurban,Y
LP000097,Male,No,0,Graduate,No,5967,1936.3775903036626,172.1,360.0,1.0,Semiurban,Y
LP000098,Male,Yes,1,Graduate,No,4250,0.0,169.1,360.0,1.0,Semiurban,Y
LP000099,Male,Yes,1,Not Graduate,No,6744,1372.6699470775916,148.8,300.0,1.0,Urban,Y
LP000100,Male,Yes,0,Graduate,No,1686,3418.6364355054347,132.0,360.0,1.0,Urban,Y
LP000101,Male,No,2,Not Graduate,No,13150,3343.2663417926665,73.1,360.0,1.0,Semiurban,Y
LP000102,Male,No,0,Graduate,No,2959,0.0,120.3,360.0,0.0,Urban,Y
LP000103,Female,No,0,Not Graduate,No,4944,2735.9614165107873,125.0,480.0,1.0,Rural,Y
LP000104,Male,Yes,0,Graduate,No,7837,3308.8610757645197,99.4,360.0,1.0,Rural,Y
LP000105,Female,Yes,0,Graduate,No,2292,0.0,136.9,360.0,1.0,Semiurban,Y
LP000106,Male,Yes,0,Graduate,No,5406,1565.8349675010834,181.6,480.0,1.0,Rural,N
LP000107,Female,Yes,1,Graduate,No,2073,2360.945362743026,381.1,180.0,1.0,Semiurban,Y
LP000108,Male,Yes,2,Graduate,No,7617,873.6146285184814,162.0,360.0,1.0,Urban,N
LP000109,Male,No,0,Not Graduate,No,2087,0.0,168.8,360.0,1.0,Rural,Y
LP000110,Male,,0,Not Graduate,No,3371,0.0,143.0,360.0,1.0,Urban,Y
LP000111,Male,No,0,Graduate,Yes,3958,0.0,56.9,360.0,1.0,Semiurban,Y
LP000112,Male,No,0,Not Graduate,No,5274,539.9277269910325,146.5,360.0,1.0,Urban,Y
LP000113,Male,No,0,Not Graduate,No,10733,0.0,153.0,360.0,1.0,Semiurban,Y
LP000114,Male,Yes,2,Graduate,No,2511,0.0,508.6,360.0,1.0,Urban,Y
LP000115,Male,Yes,0,Graduate,Yes,6523,3383.0313188304717,134.8,360.0,1.0,Urban,Y
LP000116,Male,No,1,Graduate,Yes,10744,2208.516811709742,172.6,360.0,1.0,Rural,Y
LP000117,Male,Yes,2,Graduate,No,3638,0.0,145.9,360.0,0.0,Rural,N
LP000118,Male,No,0,Graduate,No,2368,0.0,82.7,360.0,1.0,Urban,N
LP000119,Male,Yes,2,Not Graduate,,1166,2276.7776290450747,262.8,360.0,1.0,Urban,Y
LP000120,Male,Yes,0,Graduate,No,10198,0.0,216.1,180.0,1.0,Semiurban,Y
LP000121,,No,1,Not Graduate,Yes,2845,914.9818255765199,220.4,360.0,1.0,Rural,N
LP000122,Male,No,0,Graduate,No,1806,7263.8835221141035,94.2,360.0,0.0,Urban,N
LP000123,Male,No,0,Graduate,No,1458,670.1550810150455,299.3,180.0,1.0,Semiurban,Y
LP000124,Male,Yes,0,Not Graduate,No,1804,1964.7373706269273,73.6,360.0,1.0,Urban,Y
LP000125,Male,No,0,Not Graduate,Yes,5720,3238.8036684930494,199.0,360.0,1.0,Rural,N
LP000126,Female,Yes,0,Graduate,No,6215,3270.55934987903,443.7,480.0,1.0,Urban,N
LP000127,Male,Yes,0,Graduate,No,4872,0.0,90.4,360.0,1.0,Rural,Y
LP000128,Male,Yes,0,Graduate,No,3566,1347.583002101087,111.8,360.0,1.0,Urban,Y
LP000129,Male,Yes,3+,Graduate,Yes,1560,1033.5261276193291,156.0,360.0,,Semiurban,N
LP000130,Male,Yes,1,Graduate,No,2126,0.0,115.4,360.0,1.0,Urban,N
LP000131,Male,No,0,Graduate,No,1696,0.0,68.4,360.0,1.0,Urban,N
LP000132,Male,No,0,Graduate,No,4645,0.0,153.6,180.0,1.0,Urban,N
LP000133,Male,Yes,2,Graduate,No,1740,5186.620454884502,87.3,360.0,0.0,Semiurban,Y
LP000134,Male,Yes,2,Graduate,No,2146,0.0,188.1,360.0,1.0,Rural,N
LP000135,Male,No,1,Graduate,No,2951,0.0,,360.0,1.0,Semiurban,Y
LP000136,Male,No,0,Graduate,No,1209,1298.6886808714876,,360.0,1.0,Semiurban,N
LP000137,Male,No,0,Graduate,Yes,3388,1959.7677471474474,100.3,360.0,1.0,Semiurban,Y
LP000138,Male,Yes,0,Not Graduate,No,3089,0.0,126.3,360.0,1.0,Semiurban,N
LP000139,Male,Yes,0,Graduate,No,6704,1898.2304255971762,222.9,360.0,1.0,Urban,Y
LP000140,Male,Yes,2,Not Graduate,No,2014,6844.119117915684,80.2,360.0,1.0,Semiurban,Y
LP000141,Male,Yes,1,Graduate,No,1510,858.0571376399407,166.3,360.0,1.0,Urban,Y
LP000142,Male,Yes,1,Graduate,No,2632,1606.720930451609,285.3,360.0,1.0,Semiurban,Y
LP000143,Male,No,2,Graduate,Yes,1704,0.0,66.4,360.0,1.0,Rural,N
LP000144,Male,Yes,1,Graduate,No,3372,0.0,162.8,360.0,1.0,Semiurban,N
LP000145,Male,Yes,0,Graduate,Yes,1079,5466.4204714837915,169.0,360.0,0.0,Rural,Y
LP000146,Female,Yes,0,Not Graduate,No,2291,0.0,219.4,360.0,1.0,Rural,Y
LP000147,Male,Yes,3+,Graduate,No,1887,0.0,80.0,360.0,1.0,Semiurban,N
LP000148,Male,Yes,0,Graduate,No,4631,2085.6755605152275,76.7,360.0,1.0,Urban,N
LP000149,Male,Yes,3+,Graduate,No,2025,0.0,192.7,300.0,1.0,Urban,N
LP000150,Male,Yes,2,Graduate,No,1162,1035.188878083677,172.2,360.0,1.0,Rural,N
LP000151,Male,No,0,Graduate,No,2918,0.0,168.2,360.0,1.0,Semiurban,N
LP000152,Male,No,0,Graduate,No,3991,4379.250251804652,176.5,360.0,,Urban,Y
LP000153,Female,Yes,2,Graduate,No,2799,3046.6915034054455,105.6,360.0,1.0,Urban,N
LP000154,Male,Yes,1,Graduate,No,2282,1779.6921438804768,166.7,360.0,1.0,Urban,Y
LP000155,Male,No,3+,Graduate,No,2201,0.0,171.8,360.0,0.0,Urban,N
LP000156,Male,Yes,3+,Graduate,No,3525,2182.0784026281053,103.8,360.0,1.0,Semiurban,N
LP000157,Male,Yes,0,Graduate,No,1932,797.1755213323271,377.2,480.0,1.0,Semiurban,Y
LP000158,Male,No,0,Graduate,No,2705,1633.3749367212124,188.1,480.0,1.0,Rural,Y
LP000159,Male,Yes,3+,Not Graduate,No,5168,1717.7804197353973,81.8,360.0,1.0,Rural,Y
LP000160,Male,Yes,1,Graduate,Yes,1509,3081.53533097401,206.1,360.0,1.0,Semiurban,Y
LP000161,Female,Yes,0,Graduate,No,3209,1216.1806952798995,91.2,360.0,1.0,Urban,Y
LP000162,Male,Yes,0,Not Graduate,No,1126,954.4495597032969,220.0,360.0,1.0,Rural,N
LP000163,Male,Yes,0,Graduate,No,3777,1751.3060979857564,264.9,360.0,1.0,Rural,Y
LP000164,Male,No,3+,Graduate,No,1831,0.0,98.5,360.0,0.0,Urban,Y
LP000165,Male,Yes,2,Graduate,No,6073,1441.6499659108192,240.3,360.0,1.0,Rural,N
LP000166,Male,Yes,1,Graduate,Yes,1358,1708.5225991980126,182.4,360.0,1.0,Urban,N
LP000167,Male,No,0,Graduate,No,4295,1382.8046702011225,,360.0,1.0,Urban,Y
LP000168,Male,Yes,0,Graduate,No,6854,3548.3142835803687,383.1,360.0,1.0,Urban,N
LP000169,Male,Yes,2,Graduate,No,1775,4865.8980625507,131.3,360.0,1.0,Semiurban,Y
LP000170,Male,No,0,Graduate,,1964,3307.796444934123,101.8,360.0,1.0,Urban,Y
LP000171,Female,Yes,0,Not Graduate,No,1869,0.0,95.1,360.0,1.0,Semiurban,Y
LP000172,Male,No,0,Graduate,No,2461,0.0,98.7,360.0,1.0,Urban,Y
LP000173,Male,No,1,Graduate,No,4493,1595.5017087162632,142.8,180.0,1.0,Semiurban,Y
LP000174,Male,Yes,3+,Not Graduate,No,2343,496.51252932055354,176.0,360.0,1.0,Semiurban,N
LP000175,,Yes,0,Graduate,No,1681,0.0,170.4,360.0,1.0,Semiurban,N
LP000176,Male,No,0,Not Graduate,No,981,0.0,224.4,360.0,1.0,Semiurban,Y
LP000177,Male,Yes,1,Graduate,No,8614,0.0,149.4,360.0,1.0,Urban,Y
LP000178,Male,No,,Graduate,No,9029,1819.0235481954048,307.0,360.0,1.0,Urban,Y
LP000179,Male,Yes,0,Graduate,Yes,4610,0.0,130.0,360.0,1.0,Rural,N
LP000180,Male,Yes,0,Graduate,No,2025,1310.0261194373404,578.3,360.0,1.0,Urban,N
LP000181,Male,Yes,0,Graduate,No,5159,2010.8983178357655,202.9,360.0,1.0,Urban,Y
LP000182,Male,No,2,Not Graduate,No,5820,1820.9999094413097,96.7,360.0,1.0,Semiurban,Y
LP000183,Male,No,0,Graduate,No,2828,2472.105521490233,86.9,360.0,1.0,Rural,Y
LP000184,Male,Yes,0,Graduate,No,3377,2373.2178441905994,188.9,360.0,,Rural,Y
LP000185,Male,Yes,1,Not Graduate,Yes,6898,0.0,132.7,360.0,1.0,Semiurban,Y
LP000186,Male,No,2,Graduate,No,1231,1966.6428247673914,212.1,360.0,1.0,Rural,Y
LP000187,Male,Yes,0,Graduate,,5997,1032.775207087768,188.0,360.0,1.0,Rural,Y
LP000188,Male,Yes,2,Not Graduate,No,2736,1496.433930067883,143.1,360.0,1.0,Semiurban,Y
LP000189,Male,No,0,Graduate,No,1689,0.0,97.2,360.0,1.0,Urban,Y
LP000190,Male,Yes,0,Graduate,No,1775,0.0,69.6,360.0,1.0,Urban,Y
LP000191,Female,,0,Not Graduate,Yes,1960,0.0,118.7,480.0,1.0,Semiurban,N
LP000192,Male,Yes,1,Graduate,No,1593,3807.623089289752,227.7,360.0,0.0,Semiurban,N
LP000193,Male,Yes,0,Graduate,No,9536,2248.564402169575,165.2,360.0,0.0,Semiurban,N
LP000194,Male,Yes,2,Graduate,No,4423,0.0,79.6,360.0,1.0,Rural,N
LP000195,Male,No,1,Graduate,No,6239,2155.4927254452327,161.8,360.0,1.0,Semiurban,Y
LP000196,Male,Yes,1,Not Graduate,Yes,4616,0.0,179.9,180.0,1.0,Urban,Y
LP000197,Male,Yes,2,Graduate,No,3417,0.0,95.4,360.0,1.0,Urban,N
LP000198,Male,Yes,2,Graduate,Yes,3445,1904.2062739442663,160.3,360.0,1.0,Rural,Y
LP000199,Male,No,0,Graduate,No,2595,0.0,152.8,360.0,1.0,Rural,Y
LP000200,Female,Yes,0,Graduate,No,2725,1838.8069775275262,83.8,360.0,1.0,Urban,Y
LP000201,Male,Yes,3+,Graduate,No,1415,2135.655132369178,177.5,360.0,1.0,Urban,Y
LP000202,Male,No,0,Not Graduate,No,6304,1205.7160841377784,196.4,180.0,1.0,Urban,Y
LP000203,Male,Yes,1,Graduate,No,1109,0.0,255.1,360.0,1.0,Rural,Y
LP000204,Male,Yes,3+,Graduate,Yes,1745,4454.095770451789,251.4,360.0,1.0,Semiurban,N
LP000205,Male,No,0,Graduate,No,11017,2759.7195857655374,74.5,180.0,1.0,Rural,Y
LP000206,Male,Yes,1,Graduate,No,3574,1232.302101437995,92.9,360.0,1.0,Urban,N
LP000207,Female,No,0,Graduate,Yes,3665,0.0,192.0,360.0,1.0,Rural,Y
LP000208,Male,Yes,1,Graduate,No,4829,0.0,,360.0,1.0,Rural,N
LP000209,Male,No,0,Graduate,No,1307,0.0,192.0,360.0,1.0,Rural,Y
LP000210,Female,Yes,0,Graduate,No,1427,0.0,1018.8,360.0,1.0,Rural,Y
LP000211,Male,Yes,1,Graduate,No,2522,2123.213025033576,197.4,360.0,1.0,Rural,Y
LP000212,Male,No,2,Graduate,No,1915,1748.665616771116,261.9,360.0,1.0,Semiurban,Y
LP000213,Male,No,2,Graduate,No,3149,2127.8344329484567,239.1,360.0,1.0,Urban,Y
LP000214,Female,Yes,0,Graduate,No,4408,0.0,205.6,360.0,1.0,Rural,Y
LP000215,Female,Yes,0,Not Graduate,No,7581,3322.1475339553554,126.8,360.0,1.0,Rural,Y
LP000216,Male,No,1,Graduate,No,5359,0.0,216.9,360.0,1.0,Rural,Y
LP000217,Male,Yes,0,Not Graduate,No,1814,557.6527883769924,100.8,360.0,1.0,Urban,N
LP000218,Male,No,3+,Graduate,No,2630,3782.630833979123,131.8,360.0,0.0,Urban,N
LP000219,Female,No,2,Graduate,No,2234,3292.0544375021236,116.4,360.0,1.0,Urban,Y
LP000220,Male,Yes,1,Not Graduate,No,1790,2704.148994835896,154.6,360.0,1.0,Semiurban,Y
LP000221,Female,Yes,3+,Graduate,No,1561,0.0,472.2,360.0,1.0,Semiurban,N
LP000222,Female,No,0,Not Graduate,No,8942,2331.5761402702915,58.3,360.0,1.0,Rural,Y
LP000223,Male,Yes,1,Graduate,No,3315,1089.7007343455182,209.2,360.0,1.0,Semiurban,Y
LP000224,Male,Yes,0,Graduate,No,2879,2875.400707998847,66.3,360.0,,Urban,Y
LP000225,Male,No,3+,Graduate,No,4405,3597.015795882555,117.2,360.0,1.0,Semiurban,Y
LP000226,Male,Yes,0,Graduate,No,4538,1235.9177232094687,255.8,360.0,1.0,Rural,Y
LP000227,Male,No,1,Graduate,Yes,6446,0.0,153.3,360.0,1.0,Urban,Y
LP000228,Male,Yes,2,Graduate,No,2108,1959.4060678467015,86.6,360.0,1.0,Semiurban,Y
LP000229,Female,Yes,0,Graduate,No,4194,0.0,103.8,180.0,0.0,Semiurban,Y
LP000230,,Yes,0,Graduate,No,1907,722.8896954304671,,360.0,1.0,Semiurban,N
LP000231,Male,Yes,2,Graduate,No,2939,2127.17514219576,103.0,360.0,1.0,Urban,Y
LP000232,Male,Yes,0,Graduate,,3408,0.0,165.4,360.0,1.0,Semiurban,Y
LP000233,Male,Yes,0,Not Graduate,No,3614,2520.5777442249555,151.8,360.0,1.0,Semiurban,Y
LP000234,Male,No,0,Graduate,No,3519,0.0,107.1,360.0,0.0,Urban,Y
LP000235,Male,Yes,0,Not Graduate,No,5329,2214.2391985423083,433.5,360.0,0.0,Urban,Y
LP000236,Male,Yes,2,Not Graduate,No,2302,962.3724765584326,203.8,360.0,1.0,Urban,Y
LP000237,Female,Yes,1,Graduate,No,3673,2803.22624789236,53.9,360.0,1.0,Semiurban,Y
LP000238,Male,Yes,0,Graduate,Yes,2089,2395.27211669189,162.9,360.0,1.0,Rural,Y
LP000239,Female,Yes,0,Graduate,No,19004,7638.99418625614,106.6,360.0,1.0,Urban,Y
LP000240,Female,Yes,0,Graduate,No,1905,2159.814403391382,227.3,360.0,1.0,Urban,Y
LP000241,Male,Yes,0,Graduate,No,2163,1200.1088093732913,99.9,360.0,0.0,Urban,N
LP000242,Female,Yes,0,Graduate,No,5594,3100.903680876,140.1,360.0,0.0,Rural,Y
LP000243,Male,Yes,0,Graduate,No,2546,1653.4600138338621,,360.0,0.0,Rural,Y
LP000244,Male,No,0,Graduate,Yes,5596,0.0,228.8,360.0,1.0,Semiurban,Y
LP000245,Male,Yes,1,Graduate,No,3611,0.0,81.4,180.0,1.0,Rural,Y
LP000246,Male,Yes,0,Graduate,No,2586,0.0,125.6,180.0,1.0,Semiurban,N
LP000247,Male,Yes,1,Graduate,No,2097,1847.4531395345027,117.0,360.0,1.0,Urban,Y
LP000248,Male,Yes,1,Graduate,No,2052,1652.6840248102894,107.1,360.0,1.0,Urban,Y
LP000249,Male,No,0,Graduate,No,2603,1195.570607597755,,360.0,1.0,Rural,Y
LP000250,Male,Yes,1,Graduate,No,2967,2212.2389721697346,181.7,360.0,1.0,Urban,Y
LP000251,Male,Yes,0,Graduate,No,1999,0.0,79.0,360.0,1.0,Urban,Y
LP000252,Male,Yes,2,Graduate,Yes,3085,0.0,234.8,360.0,0.0,Semiurban,Y
LP000253,Male,Yes,1,Graduate,No,1708,2971.063710943479,428.8,180.0,0.0,Rural,Y
LP000254,Male,Yes,0,Graduate,No,5185,2786.175440839002,248.7,360.0,0.0,Urban,N
LP000255,Male,Yes,2,Graduate,Yes,5816,723.9170858520613,69.4,360.0,1.0,Urban,Y
LP000256,Male,No,1,Graduate,No,2159,502.35722363844667,116.5,360.0,1.0,Urban,Y
LP000257,Male,Yes,0,Graduate,No,2087,892.369753207176,279.6,360.0,1.0,Semiurban,N
LP000258,Male,Yes,0,Graduate,No,3665,1652.7415010112761,104.2,360.0,1.0,Urban,N
LP000259,Male,Yes,0,Graduate,No,7038,4056.3738062791513,185.3,360.0,0.0,Urban,Y
LP000260,Male,Yes,2,Graduate,No,8038,1624.7005527157742,218.6,360.0,0.0,Rural,Y
LP000261,Male,Yes,1,Not Graduate,No,1419,0.0,93.4,360.0,1.0,Urban,N
LP000262,Female,No,3+,Graduate,No,6025,2006.2254706938354,144.1,180.0,,Urban,Y
LP000263,Female,No,1,Graduate,Yes,3175,1669.3485163453977,29.4,360.0,1.0,Urban,Y
LP000264,Female,Yes,0,Graduate,No,3212,687.66024415114,88.9,360.0,1.0,Urban,N
LP000265,Female,No,0,Graduate,No,4459,0.0,130.8,360.0,0.0,Urban,Y
LP000266,Male,No,1,Graduate,No,2468,703.6364021491217,79.5,360.0,1.0,Urban,Y
LP000267,Male,No,1,Graduate,Yes,6361,10258.85048999197,335.7,360.0,1.0,Semiurban,Y
LP000268,Male,Yes,,Graduate,No,7741,0.0,72.6,180.0,1.0,Urban,Y
LP000269,Male,No,0,Graduate,No,7917,1193.2056156713827,119.1,360.0,1.0,Semiurban,N
LP000270,Male,Yes,0,Graduate,No,1089,0.0,158.4,180.0,1.0,Semiurban,Y
LP000271,Male,,1,Not Graduate,No,2870,0.0,305.1,360.0,0.0,Rural,N
LP000272,Male,Yes,1,Not Graduate,No,1031,0.0,72.4,360.0,1.0,Urban,Y
LP000273,Male,Yes,0,Graduate,No,2081,0.0,265.5,,1.0,Urban,Y
LP000274,Male,No,2,Graduate,No,781,1140.0234657203257,149.2,360.0,1.0,Semiurban,Y
LP000275,Male,Yes,0,Graduate,No,4316,0.0,90.9,360.0,1.0,Rural,N
LP000276,Female,,1,Graduate,No,3757,0.0,187.0,360.0,1.0,Rural,N
LP000277,Male,No,1,Graduate,Yes,2541,0.0,163.9,360.0,1.0,Urban,Y
LP000278,Female,No,2,Graduate,Yes,2049,0.0,109.9,360.0,1.0,Semiurban,Y
LP000279,Male,Yes,2,Graduate,No,3977,0.0,153.7,300.0,1.0,Urban,Y
LP000280,Female,No,0,Not Graduate,No,1795,3166.517623851508,122.4,360.0,1.0,Urban,N
LP000281,Male,Yes,0,Graduate,No,1723,0.0,157.1,360.0,1.0,Rural,Y
LP000282,Male,Yes,,Graduate,Yes,1601,4333.601932963717,206.7,480.0,1.0,Urban,Y
LP000283,Male,No,0,Graduate,No,2915,2108.541198408271,328.0,360.0,1.0,Rural,Y
LP000284,Male,Yes,3+,Graduate,No,2323,0.0,79.9,360.0,1.0,Semiurban,Y
LP000285,Male,Yes,0,Graduate,Yes,2616,1571.028151225851,431.2,360.0,1.0,Semiurban,Y
LP000286,Male,No,1,Graduate,No,4505,0.0,55.9,360.0,1.0,Semiurban,Y
LP000287,Male,Yes,2,Graduate,No,5872,0.0,137.6,360.0,1.0,Rural,N
LP000288,Male,Yes,3+,Not Graduate,No,7865,0.0,199.2,300.0,0.0,Rural,Y
LP000289,Male,No,0,Graduate,No,3415,0.0,170.8,360.0,1.0,Urban,Y
LP000290,Female,Yes,1,Graduate,No,4058,2890.6714565633506,108.7,360.0,1.0,Rural,Y
LP000291,Male,No,0,Graduate,Yes,3689,1531.299939546222,133.7,360.0,0.0,Urban,Y
LP000292,Male,,0,Not Graduate,Yes,1206,0.0,116.0,360.0,1.0,Urban,N
LP000293,Male,No,1,Graduate,No,2639,781.9286685728424,110.5,360.0,1.0,Urban,Y
LP000294,Male,No,1,Graduate,Yes,2646,0.0,227.0,360.0,1.0,Rural,Y
LP000295,Male,Yes,3+,Not Graduate,No,2424,1009.0299413380748,177.4,360.0,1.0,Rural,Y
LP000296,Female,Yes,0,Graduate,No,3214,0.0,105.0,360.0,1.0,Semiurban,Y
LP000297,Female,No,0,Not Graduate,No,2887,0.0,232.7,360.0,1.0,Rural,Y
LP000298,Male,No,0,Not Graduate,No,1822,0.0,173.1,360.0,,Semiurban,Y
LP000299,Male,Yes,0,Graduate,No,3009,0.0,222.8,360.0,0.0,Semiurban,Y
LP000300,Female,Yes,0,Graduate,No,2245,2053.4991960164575,203.3,360.0,1.0,Rural,N
LP000301,Male,Yes,2,Graduate,No,684,794.5356263002396,98.1,360.0,1.0,Rural,Y
LP000302,Male,Yes,0,Graduate,No,1424,0.0,112.2,360.0,1.0,Urban,Y
LP000303,Male,No,3+,Graduate,No,3474,498.97331282450193,215.6,360.0,1.0,Semiurban,N
LP000304,Male,Yes,3+,Graduate,No,6343,1695.0639538917005,201.4,360.0,1.0,Rural,Y
LP000305,Male,No,1,Graduate,No,767,1960.2784298818185,146.9,360.0,1.0,Semiurban,Y
LP000306,Female,No,3+,Not Graduate,No,1954,0.0,157.4,360.0,1.0,Rural,Y
LP000307,Male,Yes,2,Not Graduate,No,4267,2019.142933096352,281.1,360.0,1.0,Semiurban,Y
LP000308,Male,Yes,0,Graduate,No,5579,3140.289207569983,110.4,360.0,,Semiurban,Y
LP000309,Female,Yes,0,Not Graduate,No,2560,4570.094186810059,195.1,360.0,1.0,Urban,Y
LP000310,Male,Yes,0,Not Graduate,No,2187,1621.4473417240895,134.1,360.0,1.0,Urban,N
LP000311,Male,No,0,Graduate,No,6848,0.0,133.1,480.0,1.0,Rural,Y
LP000312,Male,No,2,Graduate,No,5311,0.0,257.1,180.0,1.0,Rural,Y
LP000313,Male,No,0,Graduate,No,5514,1485.9839593130005,224.2,360.0,1.0,Urban,Y
LP000314,Male,Yes,2,Graduate,Yes,2487,4381.882905673362,222.9,360.0,1.0,Semiurban,Y
LP000315,Male,Yes,1,Graduate,No,6426,0.0,285.1,360.0,1.0,Rural,Y
LP000316,Male,No,0,Graduate,No,1025,991.6719707542387,150.0,360.0,1.0,Semiurban,Y
LP000317,Male,Yes,,Graduate,No,6494,1999.5063931715317,208.7,360.0,1.0,Semiurban,Y
LP000318,Male,Yes,0,Graduate,No,3165,534.7009112255123,127.1,360.0,1.0,Rural,N
LP000319,Male,Yes,0,Not Graduate,No,3559,1303.4891379740804,174.5,360.0,1.0,Semiurban,Y
LP000320,Male,No,1,Graduate,No,1868,1435.2747831441982,139.1,360.0,1.0,Rural,N
LP000321,Female,Yes,0,Not Graduate,,1109,0.0,155.8,,1.0,Semiurban,N
LP000322,Male,No,1,Not Graduate,No,3514,900.1933131160118,199.9,360.0,1.0,Urban,Y
LP000323,Male,,0,Not Graduate,No,4586,0.0,98.6,360.0,1.0,Urban,N
LP000324,Male,Yes,0,Not Graduate,No,5022,0.0,422.5,360.0,1.0,Rural,N
LP000325,Male,Yes,3+,Not Graduate,Yes,4707,0.0,89.7,360.0,1.0,Rural,Y
LP000326,Male,Yes,0,Graduate,Yes,4108,0.0,80.9,360.0,1.0,Rural,N
LP000327,Female,No,0,Graduate,No,1892,0.0,264.8,360.0,1.0,Rural,Y
LP000328,Male,Yes,0,Graduate,No,5221,0.0,220.5,360.0,1.0,Urban,Y
LP000329,Female,Yes,3+,Graduate,No,1769,2101.011341387129,202.8,360.0,1.0,Semiurban,N
LP000330,Male,Yes,0,Graduate,No,6401,0.0,203.2,360.0,1.0,Rural,Y
LP000331,Male,No,0,Graduate,No,3132,1552.5705783665285,147.5,300.0,1.0,Rural,Y
LP000332,Male,Yes,0,Not Graduate,Yes,3195,0.0,94.8,360.0,1.0,Rural,Y
LP000333,Male,No,0,Not Graduate,Yes,5538,3899.90362165301,154.1,360.0,1.0,Semiurban,N
LP000334,Male,No,2,Not Graduate,No,6008,1385.9373726634499,,360.0,1.0,Semiurban,N
LP000335,Female,Yes,1,Graduate,No,5231,0.0,241.7,360.0,1.0,Rural,Y
LP000336,Male,No,0,Graduate,Yes,2013,3668.989066902757,137.9,360.0,1.0,Urban,N
LP000337,Male,Yes,1,Graduate,Yes,5206,1208.228709717691,98.2,360.0,1.0,Rural,Y
LP000338,Male,No,0,Graduate,,2020,2294.622710166734,126.4,360.0,0.0,Rural,Y
LP000339,Male,No,3+,Graduate,Yes,5285,6135.737102909978,182.4,360.0,0.0,Semiurban,Y
LP000340,Male,No,3+,Graduate,No,1400,3445.8387898935457,112.0,360.0,1.0,Rural,N
LP000341,Male,Yes,0,Not Graduate,No,3114,2207.1406842311853,98.4,360.0,1.0,Semiurban,Y
LP000342,Male,Yes,2,Graduate,Yes,2013,1545.302683381022,167.6,480.0,1.0,Rural,Y
LP000343,Male,Yes,2,Graduate,No,5552,0.0,167.8,360.0,1.0,Semiurban,N
LP000344,Male,Yes,0,Graduate,No,6432,905.3031443418909,115.2,360.0,1.0,Urban,N
LP000345,Male,Yes,0,Graduate,No,3712,5201.679181575479,117.3,360.0,1.0,Semiurban,Y
LP000346,Male,Yes,0,Graduate,No,3639,4540.669430234597,166.7,480.0,1.0,Semiurban,Y
LP000347,Male,Yes,2,Not Graduate,No,5026,0.0,71.9,360.0,1.0,Semiurban,N
LP000348,Male,Yes,3+,Graduate,,6455,2290.1690130603656,73.4,360.0,,Urban,N
LP000349,Male,No,2,Graduate,No,3369,1954.5759606195393,103.6,360.0,,Urban,Y
LP000350,Male,Yes,2,Graduate,No,2441,0.0,133.4,360.0,1.0,Rural,N
LP000351,Male,Yes,1,Graduate,No,4857,2363.6465145443535,173.4,360.0,1.0,Urban,N
LP000352,Male,Yes,2,Graduate,No,1080,1779.39174303035,310.3,360.0,1.0,Urban,N
LP000353,Male,Yes,2,Graduate,No,5686,1237.4648356379644,227.9,300.0,1.0,Urban,N
LP000354,Male,No,0,Graduate,No,2151,2295.273968420785,137.0,360.0,1.0,Rural,Y
LP000355,Female,Yes,0,Graduate,No,2852,0.0,147.0,180.0,1.0,Rural,Y
LP000356,Male,No,2,Graduate,Yes,5708,2110.0764574900545,89.9,360.0,1.0,Urban,Y
LP000357,Male,No,0,Graduate,No,2567,1714.4030862996246,147.0,360.0,1.0,Urban,Y
LP000358,Female,No,2,Not Graduate,No,4858,0.0,,480.0,1.0,Rural,N
LP000359,Male,No,0,Graduate,Yes,6524,0.0,174.4,360.0,1.0,Rural,N
LP000360,Male,No,0,Graduate,Yes,3519,2591.356277564226,98.1,360.0,0.0,Urban,Y
LP000361,Male,,2,Graduate,No,3971,0.0,192.4,360.0,1.0,Rural,Y
LP000362,Male,Yes,0,Graduate,No,3066,0.0,319.4,360.0,1.0,Semiurban,Y
LP000363,Male,Yes,0,Graduate,No,3531,877.74718952548,140.6,360.0,1.0,Semiurban,Y
LP000364,Male,Yes,0,Graduate,No,1686,0.0,181.4,360.0,1.0,Semiurban,Y
LP000365,Male,Yes,2,Graduate,No,2762,1706.4107592685125,209.6,360.0,1.0,Semiurban,Y
LP000366,Male,Yes,0,Not Graduate,No,1520,0.0,121.4,360.0,1.0,Rural,Y
LP000367,Male,Yes,3+,Graduate,No,1921,2655.21349253202,166.0,360.0,1.0,Rural,Y
LP000368,Female,Yes,0,Not Graduate,No,990,2269.4255281423193,149.4,360.0,1.0,Rural,Y
LP000369,Male,Yes,,Graduate,No,3859,0.0,155.8,360.0,1.0,Rural,N
LP000370,Male,Yes,3+,Not Graduate,No,9090,1105.2372112568698,100.8,360.0,1.0,Urban,Y
LP000371,Male,Yes,0,Not Graduate,No,2505,0.0,150.2,360.0,1.0,Rural,Y
LP000372,Male,Yes,0,Graduate,Yes,5878,687.0370175066457,190.4,360.0,1.0,Rural,Y
LP000373,Male,Yes,0,Not Graduate,No,6473,709.5288356524615,306.6,360.0,1.0,Urban,Y
LP000374,Male,Yes,1,Graduate,Yes,1604,3672.790130632705,239.8,180.0,1.0,Semiurban,N
LP000375,Male,No,0,Not Graduate,,1825,526.6378405221282,435.5,360.0,0.0,Urban,Y
LP000376,Male,Yes,0,Graduate,Yes,5969,0.0,101.1,360.0,0.0,Urban,N
LP000377,Male,Yes,0,Graduate,No,3116,867.4964816854024,,360.0,1.0,Urban,Y
LP000378,Male,No,0,Graduate,No,1518,1364.127781309088,162.7,360.0,1.0,Urban,Y
LP000379,Male,Yes,0,Not Graduate,No,2248,0.0,443.6,360.0,1.0,Urban,Y
LP000380,Male,Yes,1,Graduate,No,4237,3601.798934548344,99.1,360.0,0.0,Semiurban,N
LP000381,,No,,Graduate,Yes,2045,0.0,97.5,360.0,1.0,Rural,Y
LP000382,Male,No,0,Graduate,Yes,623,950.2572587208966,110.0,,1.0,Rural,N
LP000383,Male,Yes,1,Not Graduate,No,2715,0.0,51.3,360.0,,Urban,Y
LP000384,Male,Yes,0,Graduate,No,2850,30846.700960636692,114.1,360.0,1.0,Rural,Y
LP000385,Male,,2,Graduate,Yes,3312,0.0,101.5,360.0,1.0,Semiurban,N
LP000386,Female,Yes,3+,Graduate,No,7011,0.0,160.0,180.0,1.0,Rural,N
LP000387,Male,Yes,2,Graduate,No,3401,1095.4707582585897,176.1,360.0,1.0,Semiurban,Y
LP000388,Male,No,3+,Graduate,No,3811,1524.0126832941778,379.2,360.0,1.0,Semiurban,Y
LP000389,Male,Yes,0,Not Graduate,No,6206,1373.4537694723142,238.7,360.0,,Semiurban,Y
LP000390,Male,Yes,2,Graduate,No,3314,0.0,111.2,360.0,1.0,Rural,Y
LP000391,Male,Yes,2,Graduate,No,11871,0.0,94.7,360.0,1.0,Urban,N
LP000392,Female,No,0,Graduate,No,1543,1772.4437027286829,189.8,360.0,0.0,Rural,Y
LP000393,Male,Yes,3+,Graduate,No,1880,926.2641488545659,76.7,360.0,1.0,Rural,Y
LP000394,Male,No,0,Graduate,Yes,4761,0.0,370.8,360.0,1.0,Semiurban,N
LP000395,,Yes,1,Graduate,No,6992,1967.9208630059895,267.7,360.0,1.0,Semiurban,N
LP000396,Male,Yes,0,Graduate,Yes,2920,2559.6022885896627,117.4,360.0,1.0,Semiurban,Y
LP000397,Male,Yes,0,Not Graduate,,1796,544.5077428556015,63.0,360.0,1.0,Semiurban,N
LP000398,Male,No,1,Graduate,No,9476,2017.8562623143318,292.1,360.0,1.0,Urban,Y
LP000399,Female,Yes,0,Not Graduate,No,2047,450.3759051647339,140.2,360.0,1.0,Urban,Y
LP000400,Male,Yes,0,Not Graduate,No,4037,0.0,275.6,360.0,0.0,Urban,N
LP000401,Male,No,0,Graduate,Yes,7248,0.0,66.9,360.0,0.0,Semiurban,Y
LP000402,Male,Yes,2,Not Graduate,Yes,2527,3759.5156294152785,110.0,360.0,0.0,Semiurban,Y
LP000403,Male,No,0,Graduate,No,2268,2285.0016944186104,148.8,360.0,1.0,Rural,Y
LP000404,Male,Yes,0,Graduate,No,2363,2900.891883438012,151.9,360.0,1.0,Rural,N
LP000405,Male,No,3+,Graduate,No,5658,1466.5918616869715,118.5,360.0,1.0,Semiurban,Y
LP000406,Male,Yes,2,Graduate,No,6223,1265.9556380463434,,360.0,1.0,Semiurban,Y
LP000407,Male,No,0,Graduate,No,3361,11907.583127638312,87.0,360.0,1.0,Semiurban,N
LP000408,Female,Yes,2,Graduate,No,10197,0.0,138.2,180.0,1.0,Rural,Y
LP000409,Male,Yes,2,Graduate,No,3358,0.0,157.6,360.0,1.0,Rural,N
LP000410,Male,Yes,2,Graduate,No,7153,536.858873692091,191.9,480.0,1.0,Urban,N
LP000411,Male,Yes,0,Not Graduate,No,2542,1305.6436096557554,211.8,360.0,1.0,Rural,Y
LP000412,Male,Yes,0,Graduate,No,13363,0.0,,180.0,1.0,Rural,Y
LP000413,Male,No,0,Graduate,No,8451,1870.7924830815969,68.9,360.0,1.0,Urban,Y
LP000414,Male,Yes,0,Graduate,No,3050,381.1473799506757,281.1,360.0,1.0,Semiurban,Y
LP000415,Male,No,1,Graduate,No,7790,1597.0198916405077,175.2,360.0,1.0,Rural,N
LP000416,Male,Yes,0,Graduate,No,7558,0.0,102.1,360.0,1.0,Semiurban,Y
LP000417,Male,No,1,Not Graduate,Yes,8365,333.2966167090264,322.3,360.0,0.0,Urban,Y
LP000418,Male,Yes,0,Graduate,No,743,0.0,157.3,360.0,1.0,Rural,Y
LP000419,Male,Yes,0,Graduate,No,5072,889.4847786328107,267.6,360.0,0.0,Rural,Y
LP000420,Female,No,2,Not Graduate,No,4561,0.0,153.5,360.0,1.0,Urban,Y
LP000421,Male,No,0,Not Graduate,Yes,4370,5558.898777992857,415.9,360.0,1.0,Rural,N
LP000422,Female,Yes,0,Graduate,No,3755,0.0,357.0,360.0,1.0,Urban,Y
LP000423,Female,Yes,2,Graduate,No,3822,1133.3132318553232,,360.0,1.0,Urban,N
LP000424,Male,Yes,0,Graduate,No,7114,1122.8125027458238,241.2,360.0,1.0,Urban,Y
LP000425,Male,,1,Graduate,No,4553,0.0,204.9,360.0,1.0,Urban,Y
LP000426,Male,Yes,2,Graduate,,3752,6225.552204439511,294.2,180.0,1.0,Semiurban,Y
LP000427,Male,Yes,0,Graduate,No,6526,0.0,91.6,360.0,1.0,Urban,N
LP000428,Male,No,2,Not Graduate,No,4233,0.0,209.1,360.0,1.0,Rural,Y
LP000429,Male,Yes,0,Graduate,,4483,1967.6659361624825,251.9,360.0,1.0,Semiurban,Y
LP000430,Male,Yes,0,Graduate,No,10099,0.0,61.6,360.0,1.0,Rural,Y
LP000431,Male,Yes,0,Graduate,No,2538,1442.2786197996766,82.1,360.0,1.0,Semiurban,N
LP000432,Male,No,0,Graduate,No,1326,2741.196724303651,53.5,360.0,1.0,Rural,Y
LP000433,Male,Yes,3+,Graduate,No,3440,1065.29443988176,129.7,360.0,1.0,Semiurban,Y
LP000434,Male,Yes,0,Graduate,No,3747,0.0,212.5,180.0,1.0,Urban,N
LP000435,Male,Yes,0,Not Graduate,No,5079,1336.8244287397254,314.6,360.0,1.0,Semiurban,N
LP000436,Male,Yes,0,Graduate,No,3513,1681.321420774549,154.0,360.0,0.0,Semiurban,Y
LP000437,Male,Yes,1,Graduate,Yes,5182,0.0,335.1,480.0,1.0,Urban,Y
LP000438,Female,Yes,0,Not Graduate,No,14805,2726.0052486954405,74.4,360.0,1.0,Urban,Y
LP000439,Male,Yes,0,Graduate,No,5328,0.0,63.3,360.0,1.0,Rural,Y
LP000440,Male,Yes,1,Graduate,Yes,5921,281.2000949796864,144.3,360.0,1.0,Semiurban,N
LP000441,Male,Yes,0,Graduate,No,3048,0.0,179.8,360.0,1.0,Rural,Y
LP000442,Male,Yes,0,Graduate,Yes,1434,695.6834540164166,146.0,360.0,1.0,Semiurban,N
LP000443,Female,No,0,Not Graduate,No,829,1380.5551771670823,52.8,360.0,1.0,Urban,Y
LP000444,Male,Yes,0,Graduate,No,2413,0.0,141.9,360.0,1.0,Semiurban,Y
LP000445,Female,No,2,Graduate,No,700,0.0,77.3,180.0,1.0,Urban,Y
LP000446,Male,No,0,Graduate,Yes,4483,4321.250918425833,207.4,360.0,,Urban,N
LP000447,Male,Yes,0,Not Graduate,Yes,2618,4292.844133318577,178.3,180.0,1.0,Rural,Y
LP000448,Male,Yes,0,Graduate,No,1498,0.0,92.8,180.0,1.0,Urban,Y
LP000449,Male,Yes,1,Graduate,No,3563,0.0,114.8,360.0,0.0,Urban,Y
LP000450,Male,Yes,1,Graduate,No,2115,5529.18030300037,87.4,360.0,1.0,Urban,N
LP000451,Female,Yes,0,Graduate,No,4317,1992.5297034444154,143.8,360.0,1.0,Rural,N
LP000452,Female,Yes,2,Graduate,No,5037,4121.884007096526,239.3,360.0,1.0,Semiurban,Y
LP000453,Male,Yes,1,Graduate,No,2162,1860.9937774207208,90.7,360.0,1.0,Semiurban,Y
LP000454,Female,No,2,Graduate,No,2857,0.0,,180.0,1.0,Rural,N
LP000455,Female,Yes,2,Graduate,No,3747,1614.5890318731197,113.8,360.0,1.0,Urban,N
LP000456,Male,No,0,Not Graduate,No,1416,1180.0778180848142,99.8,360.0,1.0,Rural,Y
LP000457,Male,Yes,0,Graduate,No,3747,0.0,140.7,360.0,1.0,Rural,Y
LP000458,Male,No,0,Graduate,Yes,1396,1601.1216225622184,88.4,360.0,1.0,Urban,Y
LP000459,Male,Yes,0,Graduate,No,4625,1918.064216839772,112.5,360.0,1.0,Urban,Y
LP000460,Male,Yes,,Not Graduate,No,2537,0.0,81.5,360.0,0.0,Urban,N
LP000461,Male,No,0,Graduate,No,1391,1517.6586716749177,396.4,360.0,1.0,Semiurban,Y
LP000462,Male,Yes,0,Not Graduate,Yes,2326,0.0,151.1,360.0,1.0,Urban,Y
LP000463,Male,Yes,2,Graduate,No,2386,850.7489826632333,104.6,360.0,1.0,Semiurban,Y
LP000464,Male,No,0,Graduate,No,6254,3733.566653320943,165.2,360.0,1.0,Urban,N
LP000465,Female,Yes,0,Not Graduate,No,3655,0.0,140.3,360.0,0.0,Urban,Y
LP000466,Female,Yes,0,Graduate,No,1856,3721.9495210985156,132.9,360.0,1.0,Rural,Y
LP000467,Male,No,0,Graduate,No,8861,1704.6088443004185,201.8,360.0,1.0,Rural,Y
LP000468,Female,No,2,Not Graduate,No,4797,1779.934840625068,216.8,360.0,1.0,Urban,Y
LP000469,Male,No,0,Graduate,No,2692,859.0083572501071,113.8,360.0,1.0,Urban,Y
LP000470,Male,Yes,0,Graduate,No,1296,2416.9048831701293,111.3,180.0,1.0,Urban,N
LP000471,Male,No,0,Graduate,,2553,2035.9996267188192,129.3,360.0,,Urban,Y
LP000472,Male,Yes,0,Graduate,No,2886,13236.893573017955,46.9,360.0,0.0,Urban,Y
LP000473,Male,No,1,Not Graduate,No,4110,3869.852429602072,69.6,300.0,1.0,Semiurban,Y
LP000474,Male,No,0,Graduate,No,4742,0.0,294.0,360.0,1.0,Rural,Y
LP000475,Male,No,0,Graduate,Yes,5345,1756.1399730188948,337.8,360.0,1.0,Rural,Y
LP000476,Male,No,3+,Graduate,Yes,1252,3644.2817561326306,131.0,180.0,1.0,Urban,Y
LP000477,Male,Yes,1,Graduate,No,3733,952.3979200758424,198.0,360.0,1.0,Urban,Y
LP000478,Male,No,0,Not Graduate,,2993,4014.814680023301,173.4,360.0,1.0,Urban,Y
LP000479,Male,No,0,Graduate,No,16428,844.7152174924137,691.9,180.0,1.0,Rural,N
LP000480,Male,Yes,2,Not Graduate,Yes,3424,1220.3992032098545,259.8,360.0,1.0,Rural,Y
LP000481,Male,No,1,Graduate,Yes,2267,0.0,139.2,360.0,0.0,Urban,Y
LP000482,Male,Yes,0,Graduate,No,3520,0.0,92.0,360.0,1.0,Semiurban,Y
LP000483,Male,No,3+,Graduate,No,3277,2153.7166829127327,66.5,360.0,1.0,Rural,N
LP000484,Male,No,0,Graduate,No,998,0.0,164.3,360.0,1.0,Urban,Y
LP000485,Male,No,0,Graduate,No,4209,0.0,101.7,360.0,1.0,Urban,N
LP000486,Male,Yes,0,Graduate,No,2734,0.0,72.9,300.0,1.0,Rural,Y
LP000487,Male,Yes,0,Graduate,No,3242,1646.6154926251188,107.4,480.0,1.0,Semiurban,N
LP000488,Male,Yes,2,Not Graduate,No,1950,1056.6863838621723,86.4,180.0,1.0,Urban,Y
LP000489,Male,No,0,Graduate,No,1708,6942.054690061198,345.0,360.0,1.0,Urban,Y
LP000490,Male,Yes,0,Graduate,No,5582,1141.4514765865874,230.6,360.0,1.0,Rural,Y
LP000491,Male,Yes,2,Graduate,No,6406,0.0,147.8,180.0,1.0,Urban,Y
LP000492,Male,No,0,Graduate,No,4233,807.7936200719165,311.1,180.0,1.0,Rural,N
LP000493,Male,Yes,0,Graduate,No,1111,1410.2716703994518,154.3,360.0,1.0,Rural,Y
LP000494,Male,Yes,0,Graduate,Yes,4402,2569.852691509413,96.5,360.0,1.0,Urban,N
LP000495,Female,Yes,0,Not Graduate,No,1121,0.0,317.8,360.0,1.0,Urban,Y
LP000496,Male,No,0,Graduate,No,2215,0.0,194.3,360.0,1.0,Rural,Y
LP000497,Male,Yes,1,Graduate,No,5537,0.0,88.4,360.0,1.0,Urban,Y
LP000498,Male,Yes,0,Graduate,No,4888,590.8384877457058,134.9,180.0,0.0,Urban,Y
LP000499,Male,Yes,0,Graduate,,4333,5043.741612437536,95.8,360.0,1.0,Semiurban,N
LP000500,Male,Yes,2,Graduate,Yes,7242,1294.034499505723,74.3,360.0,1.0,Urban,Y
LP000501,Male,Yes,1,Graduate,No,4610,2213.452336554605,235.8,360.0,1.0,Rural,Y
LP000502,Male,Yes,0,Graduate,No,981,2955.3437287535758,385.6,360.0,1.0,Urban,N
LP000503,Male,Yes,0,Graduate,No,2639,2244.2591439485846,73.8,360.0,0.0,Rural,Y
LP000504,Male,No,0,Not Graduate,No,3213,0.0,196.7,360.0,1.0,Urban,Y
LP000505,Female,Yes,0,Graduate,No,2995,4071.7797723888557,107.2,360.0,1.0,Semiurban,N
LP000506,Male,No,0,Graduate,No,2274,2590.420307763997,116.3,360.0,1.0,Rural,Y
LP000507,Male,,0,Graduate,No,1775,0.0,,360.0,0.0,Urban,Y
LP000508,Male,No,3+,Graduate,No,13911,2044.501682021934,96.4,360.0,0.0,Rural,Y
LP000509,Male,No,0,Not Graduate,No,2609,5869.845786312019,152.1,360.0,0.0,Rural,Y
LP000510,Male,Yes,2,Not Graduate,No,13506,1084.5890587360223,98.0,180.0,1.0,Rural,N
LP000511,Male,Yes,0,Not Graduate,No,1661,2417.959012062133,169.9,360.0,1.0,Semiurban,Y
LP000512,Male,Yes,2,Graduate,No,4886,1248.8262084393161,144.7,360.0,1.0,Rural,N
LP000513,Male,Yes,1,Graduate,No,3781,466.18657781053133,131.7,360.0,1.0,Urban,Y
LP000514,Male,No,2,Graduate,No,1894,0.0,94.3,180.0,0.0,Rural,Y
LP000515,Female,No,0,Not Graduate,No,2488,0.0,111.2,360.0,1.0,Urban,Y
LP000516,Male,Yes,0,Graduate,No,3264,0.0,216.5,360.0,0.0,Semiurban,Y
LP000517,Male,Yes,0,Not Graduate,,1985,8275.584436780728,190.7,360.0,1.0,Rural,Y
LP000518,Male,No,1,Not Graduate,No,2825,0.0,91.0,360.0,1.0,Urban,N
LP000519,Male,Yes,0,Graduate,Yes,797,0.0,156.0,180.0,1.0,Urban,N
LP000520,Male,Yes,0,Graduate,Yes,5048,0.0,216.1,360.0,1.0,Semiurban,Y
LP000521,Male,No,0,Graduate,No,6879,1887.3500205665155,64.4,360.0,1.0,Semiurban,Y
LP000522,Male,Yes,0,Not Graduate,No,4326,9084.337804785035,194.7,360.0,1.0,Urban,Y
LP000523,Male,Yes,0,Graduate,No,12817,772.7129454731123,,360.0,0.0,Urban,Y
LP000524,Male,Yes,0,Not Graduate,No,4960,2488.3301902018934,197.4,360.0,1.0,Rural,Y
LP000525,Male,No,3+,Graduate,No,6539,5585.376024647589,101.3,360.0,,Urban,N
LP000526,Male,Yes,1,Graduate,No,6925,3555.17710595538,60.2,360.0,1.0,Urban,Y
LP000527,Female,Yes,3+,Not Graduate,No,632,6380.984850753902,65.8,360.0,1.0,Urban,N
LP000528,Male,Yes,0,Graduate,No,4248,2098.557912674129,152.0,360.0,1.0,Urban,Y
LP000529,Male,Yes,2,Graduate,,1436,0.0,169.0,360.0,1.0,Rural,Y
LP000530,Female,Yes,2,Graduate,No,1622,1952.4535096529598,94.4,360.0,1.0,Semiurban,Y
LP000531,Male,No,1,Graduate,Yes,1800,2626.327841203673,204.2,360.0,1.0,Rural,Y
LP000532,Female,Yes,1,Not Graduate,No,2730,952.752831228152,64.7,360.0,1.0,Urban,Y
LP000533,Male,No,0,Graduate,Yes,4867,3148.3818022762957,143.6,360.0,0.0,Rural,Y
LP000534,Female,Yes,2,Not Graduate,No,4274,0.0,81.0,360.0,1.0,Rural,N
LP000535,Male,Yes,0,Not Graduate,,3269,0.0,107.1,360.0,1.0,Urban,N
LP000536,Male,Yes,0,Graduate,No,5082,6139.349963937433,152.0,360.0,1.0,Semiurban,Y
LP000537,Male,Yes,0,Graduate,No,5271,0.0,96.5,360.0,1.0,Rural,N
LP000538,Female,Yes,3+,Graduate,No,4296,4211.084204302648,,360.0,1.0,Semiurban,Y
LP000539,Female,Yes,2,Graduate,No,1170,4514.704512485748,245.5,360.0,1.0,Rural,N
LP000540,Male,Yes,,Not Graduate,No,2114,3290.783855095247,111.2,360.0,1.0,Rural,Y
LP000541,Male,Yes,1,Graduate,No,3346,920.0520370776102,225.4,180.0,1.0,Urban,Y
LP000542,Female,Yes,0,Graduate,No,5115,2324.7198314079783,,360.0,1.0,Rural,Y
LP000543,Male,No,0,Graduate,,1484,7121.915583109015,,180.0,1.0,Urban,Y
LP000544,Male,No,0,Graduate,No,3272,506.2408406527542,305.1,360.0,1.0,Semiurban,Y
LP000545,Female,Yes,0,Graduate,No,1287,1585.4745688065632,43.1,360.0,1.0,Semiurban,Y
LP000546,Male,Yes,0,Graduate,,6096,4079.035995091108,99.6,360.0,1.0,Semiurban,Y
LP000547,Male,Yes,0,Graduate,No,3810,1667.824864574589,198.1,180.0,1.0,Semiurban,Y
LP000548,Male,Yes,0,Graduate,No,1468,0.0,134.1,360.0,1.0,Semiurban,Y
LP000549,Male,Yes,3+,Graduate,No,1463,4848.543938638388,178.7,360.0,1.0,Urban,Y
LP000550,Female,No,0,Graduate,No,4156,2126.865116326351,109.7,360.0,1.0,Rural,Y
LP000551,Male,Yes,2,Graduate,No,7516,2581.9323349091405,155.0,360.0,0.0,Rural,Y
LP000552,Female,Yes,1,Graduate,No,1706,0.0,137.3,360.0,1.0,Rural,N
LP000553,Male,No,0,Graduate,No,5281,2227.119036602602,266.1,360.0,1.0,Semiurban,Y
LP000554,,Yes,0,Graduate,No,2379,0.0,168.5,360.0,1.0,Urban,Y
LP000555,Male,No,0,Graduate,No,5398,0.0,175.7,360.0,1.0,Urban,Y
LP000556,Male,Yes,0,Graduate,No,4963,1412.042015228574,120.8,360.0,1.0,Semiurban,Y
LP000557,Male,Yes,1,Not Graduate,No,3616,3748.9383053812658,116.3,360.0,1.0,Rural,Y
LP000558,Male,Yes,0,Not Graduate,No,1095,0.0,119.5,360.0,1.0,Urban,Y
LP000559,Male,Yes,0,Graduate,Yes,4957,1175.7893401822357,180.8,180.0,0.0,Semiurban,Y
LP000560,Female,No,0,Not Graduate,No,4452,1181.048986576209,120.2,480.0,1.0,Semiurban,N
LP000561,Male,Yes,,Not Graduate,Yes,4214,1511.5453760015687,171.6,,,Urban,Y
LP000562,Male,No,2,Graduate,No,3704,0.0,418.9,360.0,1.0,Semiurban,N
LP000563,Male,Yes,1,Graduate,Yes,1944,2949.4373807821044,229.4,180.0,1.0,Semiurban,Y
LP000564,Male,Yes,0,Graduate,Yes,6309,1422.7499400107333,126.1,360.0,1.0,Semiurban,Y
LP000565,Male,Yes,2,Graduate,No,5647,3033.961373045257,270.6,360.0,1.0,Semiurban,Y
LP000566,,Yes,2,Graduate,No,1728,3310.7382951361255,121.0,360.0,1.0,Rural,Y
LP000567,Female,No,1,Graduate,No,7248,1144.2928883614659,53.6,360.0,1.0,Urban,Y
LP000568,Female,Yes,,Graduate,,3565,0.0,89.7,480.0,1.0,Urban,Y
LP000569,Male,Yes,0,Graduate,Yes,3559,3475.150053989532,58.2,360.0,1.0,Urban,Y
LP000570,Male,Yes,3+,Not Graduate,No,2963,0.0,124.5,360.0,0.0,Rural,N
LP000571,Male,Yes,3+,Graduate,No,3143,2220.386740245482,149.8,360.0,1.0,Rural,N
LP000572,Male,Yes,0,Graduate,No,7499,1268.4035280914297,343.2,360.0,1.0,Urban,Y
LP000573,Female,Yes,0,Graduate,No,6123,0.0,174.8,360.0,1.0,Rural,N
LP000574,Male,No,3+,Graduate,No,6045,1259.381076717485,133.0,360.0,1.0,Urban,Y
LP000575,Male,Yes,0,Graduate,No,3680,0.0,224.7,360.0,1.0,Semiurban,Y
LP000576,Male,Yes,0,Graduate,No,5616,0.0,49.1,360.0,,Urban,Y
LP000577,Male,Yes,3+,Graduate,Yes,1997,964.9915908255646,,360.0,1.0,Rural,Y
LP000578,Female,Yes,0,Graduate,No,4675,0.0,218.2,360.0,1.0,Rural,Y
LP000579,Male,,0,Graduate,No,3004,1026.5626331140795,70.9,360.0,1.0,Urban,N
LP000580,Male,Yes,1,Graduate,No,957,0.0,262.9,180.0,1.0,Semiurban,Y
LP000581,Female,Yes,0,Graduate,No,1271,5335.123428141555,175.8,360.0,1.0,Rural,Y
LP000582,Male,Yes,0,Graduate,Yes,2213,3900.9291040389053,120.6,360.0,1.0,Urban,N
LP000583,Male,Yes,0,Graduate,No,4226,2526.240333536169,203.6,360.0,0.0,Urban,Y
LP000584,Male,Yes,1,Graduate,No,2214,1653.5761765015109,461.9,360.0,1.0,Urban,Y
LP000585,Male,No,0,Not Graduate,No,2310,2363.8041290176384,162.5,360.0,0.0,Urban,Y
LP000586,Male,No,2,Not Graduate,No,5208,0.0,168.0,360.0,1.0,Urban,Y
LP000587,Female,,1,Not Graduate,Yes,2361,0.0,118.0,360.0,1.0,Rural,Y
LP000588,Male,Yes,0,Not Graduate,No,7320,3281.106758211339,97.0,360.0,1.0,Semiurban,Y
LP000589,Female,Yes,1,Graduate,No,6628,0.0,224.8,360.0,1.0,Rural,Y
LP000590,Male,Yes,0,Graduate,No,3338,2699.2152308643995,96.7,360.0,1.0,Urban,N
LP000591,Male,Yes,1,Graduate,Yes,5177,0.0,153.8,360.0,1.0,Urban,N
LP000592,Male,No,0,Graduate,No,4771,7143.494564185863,116.9,360.0,1.0,Rural,Y
LP000593,Male,Yes,3+,Graduate,Yes,2842,3085.0993420436666,188.6,480.0,0.0,Urban,Y
LP000594,Male,No,0,Not Graduate,Yes,5524,0.0,175.4,360.0,1.0,Urban,Y
LP000595,Female,No,0,Graduate,No,6035,1806.8700290557156,,360.0,1.0,Semiurban,N
LP000596,Male,Yes,1,Not Graduate,No,1860,0.0,115.0,360.0,1.0,Urban,Y
LP000597,Male,Yes,0,Graduate,No,3612,1155.3875977786777,129.7,300.0,1.0,Semiurban,Y
LP000598,Male,No,0,Graduate,No,3588,0.0,91.0,360.0,1.0,Urban,N
LP000599,Male,Yes,0,Graduate,No,5484,944.2626659140312,118.8,360.0,1.0,Semiurban,N
LP000600,Male,No,1,Graduate,No,2524,3081.050950586878,179.2,360.0,1.0,Rural,Y
LP000601,Male,Yes,1,Graduate,No,2301,0.0,216.7,480.0,1.0,Semiurban,Y
LP000602,Male,Yes,0,Graduate,No,3646,0.0,93.6,180.0,1.0,Urban,Y
LP000603,Male,Yes,0,Graduate,No,6692,1783.5246574546843,229.2,360.0,0.0,Semiurban,Y
LP000604,Male,,0,Graduate,No,1604,0.0,292.3,360.0,1.0,Semiurban,Y
LP000605,Male,Yes,1,Not Graduate,No,1781,3146.260407198894,182.5,360.0,1.0,Rural,Y
LP000606,Male,No,1,Not Graduate,No,2410,2486.030189293525,379.3,360.0,1.0,Rural,Y
LP000607,Male,Yes,0,Not Graduate,No,2682,721.7567593869734,100.8,360.0,0.0,Semiurban,Y
LP000608,Female,No,0,Graduate,No,1142,1041.200569714898,79.7,360.0,1.0,Urban,Y
LP000609,Male,No,0,Graduate,No,8094,1498.706010255512,61.0,360.0,1.0,Rural,Y
LP000610,Male,Yes,0,Graduate,No,3046,643.5156658565087,313.6,360.0,0.0,Semiurban,Y
LP000611,Male,Yes,0,Graduate,No,2784,2114.9832954822978,205.9,360.0,0.0,Urban,N
LP000612,,No,0,Graduate,No,8721,0.0,144.3,360.0,,Urban,Y
LP000613,Male,Yes,1,Graduate,No,5067,0.0,170.7,360.0,1.0,Rural,Y
LP000614,Male,No,0,Graduate,No,2389,3034.3068769938764,84.5,,1.0,Semiurban,Y
